ablation,setting,acc,macro_f1,roc_auc,time_sec
Coord,x,0.5,0.3333333333333333,1.0,2.5536098330048844
Coord,y,0.5,0.3333333333333333,1.0,4.458246625028551
