{
  "K": 28,
  "win": 100,
  "stride": 50,
  "pvals": {
    "mean_v": [
      0.7557428276359095,
      0.7763905055505131,
      0.49033426450951045,
      0.5978625674290079,
      1.0,
      0.5792183523134169,
      1.0,
      0.7763905055505131,
      0.7149798814655983,
      0.7557428276359095,
      0.5792183523134169,
      0.4569506196695641,
      0.23932370336933684,
      0.29767675447218034,
      0.6359445511344555,
      0.379331935127312,
      0.44074988359834266,
      0.507505297961912,
      0.4569506196695641,
      0.6553614390103917,
      0.8604309737352772,
      0.9031164959895642,
      0.7971974192691748,
      0.3234817459216911,
      0.3507022236669548,
      0.9892089047911196,
      0.7149798814655983,
      0.7557428276359095
    ],
    "mean_a": [
      0.49033426450951045,
      0.42488347368209856,
      0.364841654608659,
      0.6948910198677665,
      0.33691523838231996,
      0.11985556595924766,
      0.07643094557954021,
      0.10172863141500606,
      0.20845355458876536,
      0.379331935127312,
      0.2616164678785774,
      0.17192970543827346,
      0.033717668936863225,
      0.04112359406047486,
      0.05651653736796189,
      0.06786818721248442,
      0.14784658271436188,
      0.11355139298344043,
      0.10751135969600566,
      0.11985556595924766,
      0.1555699325877425,
      0.31040225614615824,
      0.2616164678785774,
      0.09619629624919565,
      0.02563927200880558,
      0.2616164678785774,
      0.364841654608659,
      0.23932370336933684
    ],
    "rng": [
      0.1635957256111319,
      0.31040225614615824,
      0.8392322130718609,
      0.1332831707493199,
      0.0720454304673439,
      0.06786818721248442,
      0.2732851201810752,
      0.31040225614615824,
      0.3507022236669548,
      0.364841654608659,
      0.09090738325062647,
      0.07643094557954021,
      0.04986369021054049,
      0.05310312455977325,
      0.07643094557954021,
      0.04986369021054049,
      0.364841654608659,
      0.31040225614615824,
      0.17192970543827346,
      0.11985556595924766,
      0.23932370336933684,
      0.3234817459216911,
      0.379331935127312,
      0.10751135969600566,
      0.17192970543827346,
      0.1805773768084653,
      0.1555699325877425,
      0.20845355458876536
    ],
    "sacc_freq": [
      0.7645725794675087,
      0.7441355537899432,
      1.0,
      0.9564410763461304,
      0.47810714939916554,
      0.33355978597158975,
      0.31176277202582026,
      1.0,
      0.7747702175391631,
      0.22941257477334143,
      1.0,
      0.880483375012413,
      0.12073116203310784,
      0.07957826415818532,
      0.9565447299115393,
      0.7125586195849232,
      0.4058098927176852,
      0.7962416196112712,
      0.870111497684499,
      0.3696978582479229,
      0.3187834655026923,
      0.4777498138214562,
      0.5319308214275078,
      0.3076178533897491,
      0.282464868682906,
      0.39482777348026576,
      0.9346866054703253,
      0.31319238279258055
    ]
  }
}