{
  "K": 29,
  "win": 100,
  "stride": 50,
  "mean0": [
    0.006074821576476097,
    0.0025829938240349293,
    0.00041494029574096203,
    7.590193854412064e-05,
    1.2251834050402977e-05,
    1.660294174143928e-06,
    2.3044756858325854e-07,
    2.850276459298584e-08,
    5.154698889953124e-09,
    8.176626598022096e-10,
    1.7383029737860767e-10,
    2.9830783676576544e-11,
    8.093041861667594e-12,
    2.024714163689767e-12,
    3.2318749456153317e-13,
    6.46762510084567e-14,
    1.0613609465045734e-13,
    6.191202064909085e-13,
    3.720522154249117e-12,
    3.019101982304484e-11,
    4.20005363821474e-10,
    7.00544200427089e-09,
    4.6672191444940836e-08,
    3.2537246852371027e-07,
    2.4140301775332773e-06,
    7.365235887846211e-06,
    4.584165435517207e-05,
    0.0002708564861677587,
    0.0034494418650865555
  ],
  "mean1": [
    0.00804986897855997,
    0.0023824216332286596,
    0.00017646135529503226,
    3.089915480813943e-05,
    5.61972501600394e-06,
    7.789307119310251e-07,
    1.0452718868236843e-07,
    1.235732050020033e-08,
    2.068018423173612e-09,
    3.2089592094664e-10,
    5.5351952188420483e-11,
    9.574353462826757e-12,
    1.8014482050174307e-12,
    3.321612191027612e-13,
    5.551472232216345e-14,
    1.521689946357846e-14,
    4.871853652920963e-14,
    3.268165902833853e-13,
    2.0161045142380596e-12,
    2.054805457729625e-11,
    1.9815174501225385e-10,
    2.152638289842912e-09,
    1.519834214036564e-08,
    9.298601355567371e-08,
    5.336665935828933e-07,
    2.4852804472175194e-06,
    1.8986162103828974e-05,
    0.00015450440696440637,
    0.0017484051641076803
  ],
  "se0": [
    0.0005225339555181563,
    0.00028400737210176885,
    4.4585689465748146e-05,
    8.788355444266926e-06,
    1.2793052519555204e-06,
    1.567034786376098e-07,
    3.2527850635233335e-08,
    7.900908371993864e-09,
    1.6368334465610701e-09,
    3.873240617124907e-10,
    5.745611625362912e-11,
    1.2819300308775095e-11,
    3.752094988873633e-12,
    1.0275683299046379e-12,
    1.890054139672831e-13,
    3.571495787372918e-14,
    1.7433740540605258e-14,
    1.0086952838750038e-13,
    5.354076015005871e-13,
    4.756418349460834e-12,
    7.076231267610922e-11,
    1.1896171825398483e-09,
    6.998952528647351e-09,
    4.270777509418622e-08,
    3.4498188483667036e-07,
    1.0380700814494048e-06,
    7.714695129834581e-06,
    3.205544635420665e-05,
    0.0004915026947855949
  ],
  "se1": [
    0.0004154948110226542,
    0.00029938411898911,
    3.2221887522609904e-05,
    5.636169134959346e-06,
    9.91178808362747e-07,
    1.204518866870785e-07,
    1.4922989066690207e-08,
    1.8163818227279194e-09,
    3.46878220591762e-10,
    5.6604665399362375e-11,
    1.048375102008503e-11,
    1.7109441034085515e-12,
    3.0692251041034013e-13,
    5.512544630839611e-14,
    9.612128191375906e-15,
    3.979312928839183e-15,
    1.4572873208726703e-14,
    1.0288674751578186e-13,
    4.887531351860375e-13,
    7.610433984395204e-12,
    5.3934065546989984e-11,
    5.540197189901619e-10,
    2.865705006627195e-09,
    2.323085190880647e-08,
    1.0689637974792277e-07,
    6.362128033288172e-07,
    4.041529791720677e-06,
    3.342998388689011e-05,
    0.00038839259650558233
  ],
  "pvals": [
    0.00305662932805717,
    0.5608516931533813,
    0.00017936377844307572,
    0.00024706131080165505,
    0.0006868221680633724,
    0.00030479891574941576,
    0.0016252575442194939,
    0.06011064350605011,
    0.10172863304615021,
    0.2853047251701355,
    0.038514960557222366,
    0.10751135647296906,
    0.038514960557222366,
    0.020734595134854317,
    0.1895439773797989,
    0.002798602217808366,
    0.007113493978977203,
    0.008354827761650085,
    0.009786486625671387,
    0.007711804937571287,
    0.004702532663941383,
    0.00024706131080165505,
    0.00030479891574941576,
    4.165760401519947e-05,
    1.1044711754948366e-05,
    4.165760401519947e-05,
    0.002139261458069086,
    0.007711804937571287,
    0.005115262232720852
  ]
}