{
  "K": 29,
  "win": 100,
  "stride": 50,
  "mean0": [
    0.006125795654952526,
    0.0008836583001539111,
    0.00011671613901853561,
    1.985398557735607e-05,
    3.3869375783979194e-06,
    6.300630275291041e-07,
    1.4435032369419787e-07,
    3.159548711550997e-08,
    6.1613212309907794e-09,
    1.3018809363884998e-09,
    3.004810844586814e-10,
    6.765629029237274e-11,
    1.5625898144855377e-11,
    3.533038011455103e-12,
    8.715391147488816e-13,
    1.6682651354099631e-13,
    1.2398373614667252e-13,
    7.851673413002136e-13,
    5.394969193606158e-12,
    3.406966375685272e-11,
    2.465541659724124e-10,
    1.8035203330768468e-09,
    1.442622021841089e-08,
    1.1309360559152992e-07,
    8.333810228577931e-07,
    5.302324098011013e-06,
    4.214458022033796e-05,
    0.0004422775818966329,
    0.00371095584705472
  ],
  "mean1": [
    0.006961366627365351,
    0.0012070095399394631,
    0.00015034564421512187,
    2.5238510716008022e-05,
    4.050117695442168e-06,
    6.900010021126946e-07,
    1.3435047208076867e-07,
    2.4183401947652783e-08,
    4.1297716357746594e-09,
    7.586340444731832e-10,
    1.3844989044109468e-10,
    2.662045063550611e-11,
    4.965377067844834e-12,
    9.314474105209802e-13,
    1.712041153376781e-13,
    3.832523897849202e-14,
    9.439266046313427e-14,
    7.312455220336023e-13,
    5.13278915897919e-12,
    3.4651819608155776e-11,
    2.2661339471596875e-10,
    1.557261319895531e-09,
    1.2038668728564517e-08,
    9.346217666461598e-08,
    7.351681574618851e-07,
    5.060382591182133e-06,
    3.4537981264293194e-05,
    0.00029980644467286766,
    0.002848811214789748
  ],
  "se0": [
    0.0001929034770000726,
    4.87101060571149e-05,
    9.42534734349465e-06,
    2.043708491328289e-06,
    3.82045300284517e-07,
    9.419625968121181e-08,
    3.094462641684004e-08,
    8.905648662960175e-09,
    2.0148231971717223e-09,
    4.841568257418771e-10,
    1.2477374689012777e-10,
    3.0716644505712765e-11,
    7.807972150775111e-12,
    1.854398579137495e-12,
    4.853711833494034e-13,
    8.670923137485409e-14,
    2.3292741975662612e-14,
    1.182716576585141e-13,
    7.561689989443732e-13,
    3.788139073257479e-12,
    2.022612632934795e-11,
    1.5641056505533157e-10,
    1.3037680934857576e-09,
    1.1081211503949362e-08,
    5.907019584583395e-08,
    2.7297019755678775e-07,
    2.333766133233439e-06,
    2.4362016119994223e-05,
    0.00019465020159259439
  ],
  "se1": [
    0.00023321015760302544,
    0.00011587145127123222,
    1.193501793750329e-05,
    2.06376694222854e-06,
    3.495174780709931e-07,
    7.723154027416967e-08,
    2.0154528712623687e-08,
    4.111986307009374e-09,
    7.176248484341841e-10,
    1.3786570496332473e-10,
    2.3927630710129932e-11,
    4.795260976492299e-12,
    8.914376398508339e-13,
    1.687513383153913e-13,
    3.0668105181026403e-14,
    5.995712552744198e-15,
    1.1043402961031807e-14,
    7.128800045934358e-14,
    6.438167056768695e-13,
    5.139993031894052e-12,
    2.7361385726565324e-11,
    1.5395316965705064e-10,
    1.113190983836887e-09,
    6.722572276629535e-09,
    6.383241668572737e-08,
    4.420446941821865e-07,
    2.86277736449847e-06,
    2.2298858311842196e-05,
    0.00024041284632403404
  ],
  "pvals": [
    0.00904539693146944,
    0.03151710331439972,
    0.023903146386146545,
    0.08585488051176071,
    0.11355139315128326,
    0.2853047251701355,
    0.8392322063446045,
    0.6948910355567932,
    0.9245727062225342,
    0.8181494474411011,
    0.9031165242195129,
    0.8604309558868408,
    0.9892088770866394,
    0.9460839629173279,
    0.9460839629173279,
    0.5978625416755676,
    1.0,
    0.9031165242195129,
    0.579218327999115,
    0.5075052976608276,
    0.3104022443294525,
    0.19883449375629425,
    0.21840551495552063,
    0.2976767420768738,
    0.21840551495552063,
    0.2976767420768738,
    0.033717669546604156,
    0.00022220262326300144,
    0.008354827761650085
  ]
}