{
  "K": 29,
  "win": 100,
  "stride": 50,
  "mean0": [
    0.00609608693048358,
    0.0008736104355193675,
    0.00011407049169065431,
    1.8090400772052817e-05,
    2.9115753932273947e-06,
    4.591902609263343e-07,
    8.479403135197572e-08,
    1.544736782932432e-08,
    2.622206674018912e-09,
    4.483853011105765e-10,
    8.470352891309929e-11,
    1.6260175497717633e-11,
    3.02419417633204e-12,
    5.853785338405526e-13,
    1.0687783123797256e-13,
    2.7600407650021398e-14,
    1.0875012641711063e-13,
    9.277052867226465e-13,
    5.734994076855848e-12,
    3.351346630764418e-11,
    2.3438462282143746e-10,
    1.8665355927538485e-09,
    1.5089677063429008e-08,
    1.227168979767157e-07,
    8.700513944859267e-07,
    5.4056358749221545e-06,
    4.418257231009193e-05,
    0.000432964792707935,
    0.003741775406524539
  ],
  "mean1": [
    0.006835071835666895,
    0.0010526992846280336,
    0.00013244165165815502,
    2.1485855540959165e-05,
    3.41279769600078e-06,
    5.420189381766249e-07,
    9.36541084683995e-08,
    1.6111808776031467e-08,
    2.804666943134748e-09,
    4.903280559354073e-10,
    8.947580870666272e-11,
    1.6689346085674295e-11,
    3.0186231118889406e-12,
    5.611926938778322e-13,
    1.0207823762696869e-13,
    2.67552246227239e-14,
    9.352740614311864e-14,
    7.546155540716359e-13,
    5.6749114955845226e-12,
    3.8033080157484633e-11,
    2.622661254836345e-10,
    1.8680612612342884e-09,
    1.4395440395276182e-08,
    1.1333473537433747e-07,
    8.501236834490555e-07,
    5.98044425714761e-06,
    3.8265403418336064e-05,
    0.0003046588390134275,
    0.002989844884723425
  ],
  "se0": [
    0.00014340269262902439,
    3.056694913539104e-05,
    5.798546226287726e-06,
    1.0506657872610958e-06,
    1.8216684338767664e-07,
    3.1765832630981095e-08,
    6.903853932982429e-09,
    1.5352509263877323e-09,
    3.0631081004983685e-10,
    5.829542404356403e-11,
    1.1537122819593737e-11,
    2.3553088732836125e-12,
    4.624681171870593e-13,
    9.429322557139019e-14,
    1.7698741574417344e-14,
    2.4815596253509754e-15,
    8.431822507727876e-15,
    6.930320575228299e-14,
    3.7019497710344407e-13,
    1.827329520337484e-12,
    1.2173356940536895e-11,
    1.189807558032996e-10,
    8.760845382482785e-10,
    7.227923148889204e-09,
    3.934168191221943e-08,
    2.1011489081956825e-07,
    1.8402461137156934e-06,
    2.1249727069516666e-05,
    0.0001439889456378296
  ],
  "se1": [
    0.00017204649338964373,
    5.175322439754382e-05,
    7.068033028190257e-06,
    1.2184967772554955e-06,
    2.02063958454346e-07,
    3.3711486935317225e-08,
    6.641347027880329e-09,
    1.3156394862434695e-09,
    2.493050210716774e-10,
    4.681616899704366e-11,
    8.91158414423332e-12,
    1.7991901371527952e-12,
    3.4093919094174696e-13,
    6.809703761165645e-14,
    1.3360984207574401e-14,
    2.2077439431732876e-15,
    6.621721993291382e-15,
    4.4627540188692597e-14,
    3.865800637502942e-13,
    3.3724143269631135e-12,
    2.4643970891746747e-11,
    1.5889091431464664e-10,
    1.1947893785446695e-09,
    7.0363941340190195e-09,
    5.968288974145253e-08,
    5.080336222818005e-07,
    2.4742864752624882e-06,
    1.6337327906512655e-05,
    0.00017471922910772264
  ],
  "pvals": [
    0.000489046040456742,
    0.005911569576710463,
    0.05522632226347923,
    0.03270050510764122,
    0.04775267839431763,
    0.04352803900837898,
    0.2100846767425537,
    0.39250829815864563,
    0.26246628165245056,
    0.18563160300254822,
    0.2658063769340515,
    0.3754488229751587,
    0.39250829815864563,
    0.5659975409507751,
    0.6035560369491577,
    0.909848690032959,
    0.20168718695640564,
    0.11926151067018509,
    0.6421956419944763,
    0.9844244122505188,
    0.7340912818908691,
    0.44178691506385803,
    0.22463776171207428,
    0.3309454321861267,
    0.1474616676568985,
    0.6144892573356628,
    0.008999166078865528,
    2.520951966289431e-05,
    0.00041003545629791915
  ]
}