{
  "K": 28,
  "win": 100,
  "stride": 50,
  "pvals": {
    "mean_v": [
      0.23065622230964866,
      0.5819563892601272,
      0.7518040233999065,
      0.2216709677412695,
      0.7816135796065244,
      0.1586840715559963,
      0.29000552531752744,
      0.6035560222374241,
      0.9844244352893725,
      0.763686236616007,
      0.5819563892601272,
      0.07958416972166928,
      0.03742669161673786,
      0.12300971577948058,
      0.5554763365164314,
      0.48461521957711784,
      0.3008171094129475,
      0.13892889505716222,
      0.2016871928069809,
      0.7936305943475814,
      0.7816135796065244,
      0.2691755985933122,
      0.3008171094129475,
      0.7518040233999065,
      0.47490770551923467,
      0.9222407311439204,
      0.5981223990714196,
      0.6704091961797036
    ],
    "mean_a": [
      0.06824521225717087,
      0.022365013783511335,
      0.015322241055100737,
      0.36709353675661627,
      0.053272027728138334,
      0.000996679453804707,
      0.0008194948310015635,
      0.007482800675282745,
      0.02964616121097442,
      0.11203409856545161,
      0.015654923037181592,
      0.0006345375231263415,
      0.0001596128471738376,
      0.0003980881212617107,
      0.005635572767421508,
      0.008022285322121145,
      0.019347164622711837,
      0.0016717283964848024,
      0.0033651380791324074,
      0.07064286378067212,
      0.041148139516442,
      0.003813297104504635,
      0.0025432301528508852,
      0.003538307828377456,
      0.002234191807279825,
      0.04863771195547877,
      0.20725784312292028,
      0.06365051482753227
    ],
    "rng": [
      0.016691398851843255,
      0.21293930017466245,
      0.05826954328022415,
      0.21582182990913046,
      0.03206894186929891,
      0.009206834553084629,
      0.06254265971410325,
      0.0327005053519855,
      0.06943553991219069,
      0.036717828647616066,
      0.007838706963635941,
      9.911439958203212e-05,
      0.0011132320455568695,
      0.0030417443199009277,
      0.0012766302794744015,
      0.0009693617464386155,
      0.012877363044267575,
      0.006348439372672416,
      0.007838706963635941,
      0.004875934402761959,
      0.043528039595131865,
      0.007141454386860758,
      0.17546576962311167,
      0.02329917189918971,
      0.0731091724856295,
      0.3348442281583449,
      0.5043486131535285,
      0.23989735578616767
    ],
    "sacc_freq": [
      0.3904794848576194,
      0.6486807870394842,
      0.6882774381149286,
      0.0584809341381911,
      0.02547590990914815,
      0.1809635866169721,
      0.009971285631774756,
      0.3868836082734186,
      0.9155269191987689,
      0.01877974169046258,
      0.22490296444054925,
      0.031012170191261207,
      0.006848524932744023,
      0.0162404013175359,
      0.12108832372128393,
      0.9342339573794499,
      0.9624154490492146,
      0.04143713190816578,
      0.04932679095869175,
      0.9310873191158043,
      0.8536557135714584,
      0.6320127140406474,
      0.8566597338865256,
      0.8380864868581109,
      0.5692583890268456,
      0.41165077423664675,
      0.0716248593938404,
      0.4054921729667488
    ]
  }
}