{
  "K": 28,
  "win": 100,
  "stride": 50,
  "pvals": {
    "mean_v": [
      0.2613406128202298,
      0.688516274159136,
      0.6310500008692745,
      0.15883622253160512,
      0.6537942214054648,
      0.1970762437851744,
      0.3550814270943554,
      0.7298663273441387,
      0.8395890149227996,
      0.6480768681391461,
      0.6768646253163353,
      0.10117189106542823,
      0.04764366726281844,
      0.15883622253160512,
      0.659531965627233,
      0.5489597733929326,
      0.3550814270943554,
      0.17591817821626454,
      0.24486269905204183,
      0.9146595815419326,
      0.9083649744275163,
      0.3191432570994246,
      0.25136419375292207,
      0.6310500008692745,
      0.37610922448688744,
      0.7964182810818993,
      0.7061324468172074,
      0.5595947183338416
    ],
    "mean_a": [
      0.07473572796346412,
      0.02933291493986864,
      0.021558753509518257,
      0.4531693286761811,
      0.07093445508914259,
      0.0012518280210562598,
      0.001088895286949127,
      0.01095498059151186,
      0.04094988410224868,
      0.1325163564698898,
      0.019400564392730732,
      0.0006324264542852039,
      0.00012809697300657553,
      0.0005625322936920632,
      0.007740100131815069,
      0.010466987250570223,
      0.022014631870799044,
      0.0014370198994243491,
      0.003356022825143191,
      0.08862371314681457,
      0.05423349191744489,
      0.004542024463209404,
      0.0019891055594613368,
      0.002458930484690884,
      0.0011515596482129004,
      0.03576376659097789,
      0.18104175021607372,
      0.04764366726281844
    ],
    "rng": [
      0.01981644014990306,
      0.27506343797024013,
      0.08006125234791284,
      0.27506343797024013,
      0.04503289817507461,
      0.011724899973985708,
      0.07603920108588412,
      0.045889418489400105,
      0.09630989478814905,
      0.0494539499786962,
      0.009998429251374041,
      0.00014107558734270418,
      0.001517926957620158,
      0.004430336195257177,
      0.0018853011778036173,
      0.0013980746412115485,
      0.016697152495670414,
      0.00720935564822147,
      0.00954864592018051,
      0.006397005177115224,
      0.058329293121455614,
      0.009330593003284938,
      0.2112132501424615,
      0.014330297478115636,
      0.04764366726281844,
      0.25798516571970376,
      0.393473074509343,
      0.17846628380283525
    ],
    "sacc_freq": [
      0.45119475952808674,
      0.7343096102087509,
      0.801077048210594,
      0.038698731700654854,
      0.01604195089984876,
      0.2254630252116393,
      0.014200601599556842,
      0.48652697389656585,
      0.7706061922503736,
      0.012668299837656532,
      0.22330477238414614,
      0.029202059852497395,
      0.005097764633456399,
      0.015399307845804731,
      0.1368283311754706,
      0.9458755315219125,
      0.9458959945834429,
      0.04625985342929974,
      0.0613711423269789,
      0.9521997686289135,
      0.7105744550979884,
      0.6665645637858395,
      0.7163936663590094,
      0.6953864599427428,
      0.44592421900504553,
      0.5124658443114641,
      0.09616311974140106,
      0.492616910002308
    ]
  }
}