{
  "K": 29,
  "win": 100,
  "stride": 50,
  "mean0": [
    0.0057354457676410675,
    0.0022035983856767416,
    0.0003862717130687088,
    7.130123412935063e-05,
    1.1612115486059338e-05,
    1.4977667888160795e-06,
    1.9591955435771524e-07,
    1.8372256604948234e-08,
    2.8214357516986865e-09,
    3.786066737898608e-10,
    7.760066200734883e-11,
    1.2273993453548737e-11,
    3.0211460503443144e-12,
    6.719580946355774e-13,
    8.148215039976633e-14,
    2.1919350896523228e-14,
    1.0503581240450116e-13,
    8.168260989468989e-13,
    5.091623303532522e-12,
    4.017366647679488e-11,
    5.487805210258045e-10,
    8.476865431816805e-09,
    5.476487174860267e-08,
    3.553476517481613e-07,
    2.5441820525884395e-06,
    7.616215498273959e-06,
    4.356247518444434e-05,
    0.00035284290788695216,
    0.0038203031290322542
  ],
  "mean1": [
    0.008177904412150383,
    0.001818389631807804,
    0.00017930353351403028,
    3.1009636586532e-05,
    4.712181180366315e-06,
    6.478925342889852e-07,
    8.714291510614203e-08,
    1.0244044723606294e-08,
    1.4961889505116233e-09,
    2.1751553336279983e-10,
    3.899355838221652e-11,
    6.648739718506658e-12,
    1.288538069646461e-12,
    2.5887199827344387e-13,
    4.2065384107860954e-14,
    1.033907558363207e-14,
    3.915786558937942e-14,
    2.8910381033586674e-13,
    1.595964571436681e-12,
    1.2591892806224081e-11,
    1.535657712103955e-10,
    1.7586819778259155e-09,
    1.192353238366195e-08,
    8.521482186552021e-08,
    5.510769369720947e-07,
    2.5696474494907307e-06,
    1.5877356418059207e-05,
    0.00015208486001938581,
    0.0016215492505580187
  ],
  "se0": [
    0.0002930421323981136,
    0.00016309194325003773,
    2.3503784177592024e-05,
    5.647053058055462e-06,
    9.081016401069064e-07,
    1.0069339850815595e-07,
    1.5572780398542818e-08,
    2.0378618792449288e-09,
    3.221410638243327e-10,
    7.008289781840205e-11,
    8.719375915733352e-12,
    1.8139288899057804e-12,
    4.0567468004640284e-13,
    9.930957830172824e-14,
    1.4497737998173457e-14,
    1.8064360381484347e-15,
    1.0358521766035134e-14,
    8.5637179042964e-14,
    5.2642753437665e-13,
    4.2552250785476975e-12,
    5.3592311144434746e-11,
    8.221371361472052e-10,
    6.078343162130295e-09,
    3.87776637467141e-08,
    2.410865818092134e-07,
    6.097181426412135e-07,
    2.982642627102905e-06,
    2.7449916160549037e-05,
    0.00028168351855129004
  ],
  "se1": [
    0.0002404939295956865,
    0.00011974424705840647,
    3.050989835173823e-05,
    6.158440100989537e-06,
    8.680627843205002e-07,
    1.1176718572869504e-07,
    1.4998349229244923e-08,
    2.052608083502605e-09,
    2.622544681418759e-10,
    4.474511039465057e-11,
    7.155226064425868e-12,
    1.2275976676162648e-12,
    2.2762648428480137e-13,
    5.037540073667482e-14,
    8.491798369624111e-15,
    1.7143960616712432e-15,
    6.0260570845631096e-15,
    5.331678702051937e-14,
    2.396027441124021e-13,
    2.1504423675794415e-12,
    3.120593020100593e-11,
    3.3022670709037527e-10,
    2.2138080257860793e-09,
    1.2846808949973365e-08,
    1.2079065925263421e-07,
    5.348009608496795e-07,
    2.3386523935187142e-06,
    2.6850077119888738e-05,
    0.00022057666501495987
  ],
  "pvals": [
    2.2050022252528834e-08,
    0.12491800636053085,
    1.8408263358082877e-08,
    2.3064480103585083e-08,
    1.8408263358082877e-08,
    2.8855621891921146e-08,
    1.1684971212844175e-07,
    1.203774445457384e-05,
    0.0001499008503742516,
    0.0004612540651578456,
    2.520951966289431e-05,
    0.0005493754288181663,
    5.145272007212043e-05,
    2.795834734570235e-05,
    0.0016717284452170134,
    1.7866521773157729e-07,
    5.600517738457711e-08,
    7.708989890886642e-09,
    2.8731141910043334e-09,
    1.779232428056332e-09,
    7.041759397807823e-10,
    5.230125360577986e-12,
    4.950266759007338e-12,
    3.2741306194017383e-11,
    4.68510256632082e-12,
    5.839686373354525e-11,
    3.508223433978941e-10,
    6.705938915274601e-09,
    5.600517738457711e-08
  ]
}