{
  "n0": 45,
  "n1": 46,
  "mean0": 758.7606811523438,
  "mean1": 725.13720703125,
  "std0": 240.52906799316406,
  "std1": 249.2792205810547,
  "U": 1140.0,
  "p": 0.40680918123320464
}