{
  "min_p": 0.08892473786316805,
  "median_p": 0.6064063153383136,
  "share_p_le_0.05": 0.0
}