{
  "n0": 20,
  "n1": 20,
  "mean0": 892.6911010742188,
  "mean1": 850.4622802734375,
  "std0": 397.34844970703125,
  "std1": 340.0428771972656,
  "U": 218.0,
  "p": 0.6359445511344555
}