{
  "K": 28,
  "win": 100,
  "stride": 50,
  "pvals": {
    "mean_v": [
      0.7557428479194641,
      0.7763904929161072,
      0.49033427238464355,
      0.5978625416755676,
      1.0,
      0.579218327999115,
      1.0,
      0.7763904929161072,
      0.714979887008667,
      0.7557428479194641,
      0.579218327999115,
      0.4569506049156189,
      0.2393237054347992,
      0.2976767420768738,
      0.6359445452690125,
      0.37933194637298584,
      0.4407498836517334,
      0.5075052976608276,
      0.4569506049156189,
      0.6553614139556885,
      0.8604309558868408,
      0.9031165242195129,
      0.7971974015235901,
      0.3234817385673523,
      0.3507022261619568,
      0.9892088770866394,
      0.714979887008667,
      0.7557428479194641
    ],
    "mean_a": [
      0.49033427238464355,
      0.42488348484039307,
      0.36484163999557495,
      0.6948910355567932,
      0.3369152247905731,
      0.11985556781291962,
      0.07643094658851624,
      0.10172863304615021,
      0.20845355093479156,
      0.37933194637298584,
      0.26161646842956543,
      0.17192970216274261,
      0.033717669546604156,
      0.04112359508872032,
      0.056516535580158234,
      0.0678681880235672,
      0.14784657955169678,
      0.11355139315128326,
      0.10751135647296906,
      0.11985556781291962,
      0.155569925904274,
      0.3104022443294525,
      0.26161646842956543,
      0.09619629383087158,
      0.02563927136361599,
      0.26161646842956543,
      0.36484163999557495,
      0.2393237054347992
    ],
    "rng": [
      0.16359572112560272,
      0.3104022443294525,
      0.8392322063446045,
      0.13328316807746887,
      0.07204543054103851,
      0.0678681880235672,
      0.2732851207256317,
      0.3104022443294525,
      0.3507022261619568,
      0.36484163999557495,
      0.09090737998485565,
      0.07643094658851624,
      0.04986368864774704,
      0.05310312286019325,
      0.07643094658851624,
      0.04986368864774704,
      0.36484163999557495,
      0.3104022443294525,
      0.17192970216274261,
      0.11985556781291962,
      0.2393237054347992,
      0.3234817385673523,
      0.37933194637298584,
      0.10751135647296906,
      0.17192970216274261,
      0.1805773824453354,
      0.155569925904274,
      0.20845355093479156
    ],
    "sacc_freq": [
      0.7645725607872009,
      0.7441355586051941,
      1.0,
      0.9564411044120789,
      0.47810715436935425,
      0.3335597813129425,
      0.3117627799510956,
      1.0,
      0.774770200252533,
      0.22941257059574127,
      1.0,
      0.8804833889007568,
      0.1207311600446701,
      0.07957826554775238,
      0.9565447568893433,
      0.7125586271286011,
      0.4058098793029785,
      0.7962416410446167,
      0.8701115250587463,
      0.3696978688240051,
      0.3187834620475769,
      0.4777498245239258,
      0.5319308042526245,
      0.30761784315109253,
      0.282464861869812,
      0.39482778310775757,
      0.9346866011619568,
      0.3131923973560333
    ],
    "xai_win": [
      0.008354827761650085,
      0.07204543054103851,
      0.5249869227409363,
      0.6359445452690125,
      0.6167746782302856,
      0.9031165242195129,
      0.5978625416755676,
      0.9460839629173279,
      0.2976767420768738,
      0.3507022261619568,
      0.7352681756019592,
      0.5608516931533813,
      0.09090737998485565,
      0.10172863304615021,
      0.20845355093479156,
      0.2732851207256317,
      0.7557428479194641,
      0.21840551495552063,
      0.7557428479194641,
      0.8181494474411011,
      0.49033427238464355,
      0.09619629383087158,
      0.04679161682724953,
      0.0025606153067201376,
      0.0039662388153374195,
      0.3369152247905731,
      0.11985556781291962,
      0.26161646842956543
    ]
  }
}