{
  "K": 28,
  "win": 100,
  "stride": 50,
  "pvals": {
    "mean_v": [
      0.2306562215089798,
      0.5819563865661621,
      0.751803994178772,
      0.2216709703207016,
      0.7816135883331299,
      0.15868407487869263,
      0.29000553488731384,
      0.6035560369491577,
      0.9844244122505188,
      0.7636862397193909,
      0.5819563865661621,
      0.07958416640758514,
      0.03742669150233269,
      0.12300971895456314,
      0.5554763078689575,
      0.4846152067184448,
      0.3008171021938324,
      0.13892889022827148,
      0.20168718695640564,
      0.7936305999755859,
      0.7816135883331299,
      0.26917558908462524,
      0.3008171021938324,
      0.751803994178772,
      0.47490769624710083,
      0.9222407341003418,
      0.5981224179267883,
      0.6704092025756836
    ],
    "mean_a": [
      0.06824520975351334,
      0.022365013137459755,
      0.015322241000831127,
      0.3670935332775116,
      0.053272027522325516,
      0.0009966794168576598,
      0.0008194948313757777,
      0.007482800632715225,
      0.029646161943674088,
      0.11203409731388092,
      0.015654923394322395,
      0.0006345375441014767,
      0.00015961284225340933,
      0.00039808813016861677,
      0.005635572597384453,
      0.00802228506654501,
      0.019347164779901505,
      0.0016717284452170134,
      0.003365138079971075,
      0.0706428661942482,
      0.04114814102649689,
      0.0038132970221340656,
      0.002543230075389147,
      0.00353830773383379,
      0.0022341918665915728,
      0.04863771051168442,
      0.20725783705711365,
      0.06365051120519638
    ],
    "rng": [
      0.01669139973819256,
      0.2129393070936203,
      0.05826954171061516,
      0.21582183241844177,
      0.03206894174218178,
      0.009206834249198437,
      0.06254266202449799,
      0.03270050510764122,
      0.06943553686141968,
      0.03671782836318016,
      0.00783870741724968,
      9.911439701681957e-05,
      0.0011132319923490286,
      0.0030417442321777344,
      0.0012766303261741996,
      0.0009693617466837168,
      0.01287736278027296,
      0.006348439492285252,
      0.00783870741724968,
      0.004875934217125177,
      0.04352803900837898,
      0.007141454610973597,
      0.17546576261520386,
      0.023299172520637512,
      0.07310917228460312,
      0.3348442316055298,
      0.504348635673523,
      0.23989735543727875
    ],
    "sacc_freq": [
      0.3904794752597809,
      0.6486808061599731,
      0.6882774233818054,
      0.05848093330860138,
      0.025475909933447838,
      0.18096359074115753,
      0.009971285238862038,
      0.38688361644744873,
      0.9155269265174866,
      0.01877974160015583,
      0.2249029576778412,
      0.031012170016765594,
      0.0068485247902572155,
      0.016240401193499565,
      0.12108832597732544,
      0.9342339634895325,
      0.9624154567718506,
      0.04143713042140007,
      0.04932679235935211,
      0.93108731508255,
      0.8536556959152222,
      0.6320127248764038,
      0.8566597104072571,
      0.8380864858627319,
      0.5692583918571472,
      0.41165077686309814,
      0.07162486016750336,
      0.4054921865463257
    ],
    "xai_win": [
      6.736580417054938e-06,
      0.00731034018099308,
      0.7340912818908691,
      0.0030417442321777344,
      0.0008668798254802823,
      0.4234704375267029,
      0.2100846767425537,
      0.9719679951667786,
      0.7696484923362732,
      0.1935371607542038,
      0.9719679951667786,
      0.03270050510764122,
      0.004107569810003042,
      0.03814717009663582,
      0.29357993602752686,
      0.8178094625473022,
      0.539875864982605,
      0.21582183241844177,
      0.6421956419944763,
      0.7756243944168091,
      0.19087496399879456,
      0.004422306083142757,
      0.020593971014022827,
      0.03814717009663582,
      0.0014229920925572515,
      0.07564548403024673,
      0.21582183241844177,
      0.11742127686738968
    ]
  }
}