{
  "n0": 46,
  "n1": 46,
  "mean0": 761.6875610351562,
  "mean1": 725.13720703125,
  "std0": 238.7091064453125,
  "std1": 249.2792205810547,
  "U": 1177.0,
  "p": 0.3547798473034225
}