ablation,setting,acc,macro_f1,roc_auc,time_sec
Temporal,start,0.8,0.7916666666666665,1.0,2.416116666048765
Temporal,middle,0.8,0.7916666666666665,0.9600000000000001,2.140072042006068
Temporal,end,0.9,0.898989898989899,0.9600000000000001,4.317128999973647
