ablation,setting,acc,macro_f1,roc_auc,time_sec
Coord,x,0.6,0.5833333333333333,0.7200000000000002,66.28703816607594
Coord,y,0.8,0.7916666666666665,0.88,42.022976416978054
