ablation,setting,acc,macro_f1,roc_auc,time_sec
EyeChannel,left,0.9,0.898989898989899,0.9600000000000001,4.56395733403042
EyeChannel,right,0.5,0.3333333333333333,1.0,5.491767707979307
EyeChannel,both,0.8,0.7916666666666665,1.0,4.676529249874875
