ablation,setting,acc,macro_f1,roc_auc,time_sec
EyeChannel,left,0.8823529411764706,0.8819444444444445,1.0,10.796862417133525
EyeChannel,right,0.8823529411764706,0.8785714285714286,0.9714285714285714,11.6289497918915
EyeChannel,both,0.8235294117647058,0.7984189723320159,0.9857142857142858,4.055596124846488
