ablation,setting,acc,macro_f1,roc_auc,time_sec
Coord,x,0.5,0.3333333333333333,1.0,11.943330500042066
Coord,y,0.7,0.6703296703296704,1.0,26.934409584035166
