ablation,setting,acc,macro_f1,roc_auc,time_sec
Coord,x,0.7777777777777778,0.7750000000000001,0.75,6.487892749952152
Coord,y,0.5555555555555556,0.35714285714285715,0.75,4.437789167044684
