ablation,setting,acc,macro_f1,roc_auc,time_sec
Coord,x,0.5,0.3333333333333333,0.9600000000000001,3.511174124898389
Coord,y,0.6,0.5238095238095238,0.92,6.028793582925573
