ablation,setting,acc,macro_f1,roc_auc,time_sec
Coord,x,0.8,0.7916666666666665,1.0,236.2693866250338
Coord,y,0.6,0.6,0.7200000000000001,180.8459267920116
