ablation,setting,acc,macro_f1,roc_auc,time_sec
Coord,x,0.47058823529411764,0.43956043956043955,0.7,3.565008500008844
Coord,y,0.8235294117647058,0.7984189723320159,0.9714285714285714,9.735244208015501
