ablation,setting,acc,macro_f1,roc_auc,time_sec
Coord,x,0.4444444444444444,0.30769230769230765,0.85,42.9344718339853
Coord,y,0.3333333333333333,0.25,0.14999999999999997,43.00953729101457
