ablation,setting,acc,macro_f1,roc_auc,time_sec
Temporal,start,0.8235294117647058,0.8235294117647058,0.9285714285714286,4.745367499999702
Temporal,middle,0.5882352941176471,0.47111111111111115,0.44285714285714284,3.83895783405751
Temporal,end,0.7058823529411765,0.6222222222222222,0.9428571428571428,7.27979325002525
