ablation,setting,acc,macro_f1,roc_auc,time_sec
Coord,x,1.0,1.0,1.0,6.648361208033748
Coord,y,0.9,0.898989898989899,0.9600000000000001,6.901431458070874
