ablation,setting,acc,macro_f1,roc_auc,time_sec
Coord,x,0.8888888888888888,0.8831168831168831,1.0,5.958579499972984
Coord,y,0.7777777777777778,0.75,1.0,6.5267526670359075
